--
-- PostgreSQL database dump
--

-- Dumped from database version 12.17 (Ubuntu 12.17-1.pgdg22.04+1)
-- Dumped by pg_dump version 12.17 (Ubuntu 12.17-1.pgdg22.04+1)

SET statement_timeout = 0;
SET lock_timeout = 0;
SET idle_in_transaction_session_timeout = 0;
SET client_encoding = 'UTF8';
SET standard_conforming_strings = on;
SELECT pg_catalog.set_config('search_path', '', false);
SET check_function_bodies = false;
SET xmloption = content;
SET client_min_messages = warning;
SET row_security = off;

DROP DATABASE universe;
--
-- Name: universe; Type: DATABASE; Schema: -; Owner: freecodecamp
--

CREATE DATABASE universe WITH TEMPLATE = template0 ENCODING = 'UTF8' LC_COLLATE = 'C.UTF-8' LC_CTYPE = 'C.UTF-8';


ALTER DATABASE universe OWNER TO freecodecamp;

\connect universe

SET statement_timeout = 0;
SET lock_timeout = 0;
SET idle_in_transaction_session_timeout = 0;
SET client_encoding = 'UTF8';
SET standard_conforming_strings = on;
SELECT pg_catalog.set_config('search_path', '', false);
SET check_function_bodies = false;
SET xmloption = content;
SET client_min_messages = warning;
SET row_security = off;

SET default_tablespace = '';

SET default_table_access_method = heap;

--
-- Name: asteroid; Type: TABLE; Schema: public; Owner: freecodecamp
--

CREATE TABLE public.asteroid (
    asteroid_id integer NOT NULL,
    name character varying(100) NOT NULL,
    composition text NOT NULL,
    mass numeric,
    discovered_by character varying(100)
);


ALTER TABLE public.asteroid OWNER TO freecodecamp;

--
-- Name: asteroid_asteroid_id_seq; Type: SEQUENCE; Schema: public; Owner: freecodecamp
--

CREATE SEQUENCE public.asteroid_asteroid_id_seq
    AS integer
    START WITH 1
    INCREMENT BY 1
    NO MINVALUE
    NO MAXVALUE
    CACHE 1;


ALTER TABLE public.asteroid_asteroid_id_seq OWNER TO freecodecamp;

--
-- Name: asteroid_asteroid_id_seq; Type: SEQUENCE OWNED BY; Schema: public; Owner: freecodecamp
--

ALTER SEQUENCE public.asteroid_asteroid_id_seq OWNED BY public.asteroid.asteroid_id;


--
-- Name: galaxy; Type: TABLE; Schema: public; Owner: freecodecamp
--

CREATE TABLE public.galaxy (
    galaxy_id integer NOT NULL,
    name character varying(100) NOT NULL,
    type character varying(50) NOT NULL,
    distance_from_earth numeric,
    num_of_stars integer,
    has_life boolean
);


ALTER TABLE public.galaxy OWNER TO freecodecamp;

--
-- Name: galaxy_galaxy_id_seq; Type: SEQUENCE; Schema: public; Owner: freecodecamp
--

CREATE SEQUENCE public.galaxy_galaxy_id_seq
    AS integer
    START WITH 1
    INCREMENT BY 1
    NO MINVALUE
    NO MAXVALUE
    CACHE 1;


ALTER TABLE public.galaxy_galaxy_id_seq OWNER TO freecodecamp;

--
-- Name: galaxy_galaxy_id_seq; Type: SEQUENCE OWNED BY; Schema: public; Owner: freecodecamp
--

ALTER SEQUENCE public.galaxy_galaxy_id_seq OWNED BY public.galaxy.galaxy_id;


--
-- Name: moon; Type: TABLE; Schema: public; Owner: freecodecamp
--

CREATE TABLE public.moon (
    moon_id integer NOT NULL,
    name character varying(100) NOT NULL,
    planet_id integer,
    diameter integer,
    has_atmosphere boolean
);


ALTER TABLE public.moon OWNER TO freecodecamp;

--
-- Name: moon_moon_id_seq; Type: SEQUENCE; Schema: public; Owner: freecodecamp
--

CREATE SEQUENCE public.moon_moon_id_seq
    AS integer
    START WITH 1
    INCREMENT BY 1
    NO MINVALUE
    NO MAXVALUE
    CACHE 1;


ALTER TABLE public.moon_moon_id_seq OWNER TO freecodecamp;

--
-- Name: moon_moon_id_seq; Type: SEQUENCE OWNED BY; Schema: public; Owner: freecodecamp
--

ALTER SEQUENCE public.moon_moon_id_seq OWNED BY public.moon.moon_id;


--
-- Name: planet; Type: TABLE; Schema: public; Owner: freecodecamp
--

CREATE TABLE public.planet (
    planet_id integer NOT NULL,
    name character varying(100) NOT NULL,
    type character varying(50) NOT NULL,
    star_id integer,
    distance_from_star numeric,
    has_moons boolean
);


ALTER TABLE public.planet OWNER TO freecodecamp;

--
-- Name: planet_planet_id_seq; Type: SEQUENCE; Schema: public; Owner: freecodecamp
--

CREATE SEQUENCE public.planet_planet_id_seq
    AS integer
    START WITH 1
    INCREMENT BY 1
    NO MINVALUE
    NO MAXVALUE
    CACHE 1;


ALTER TABLE public.planet_planet_id_seq OWNER TO freecodecamp;

--
-- Name: planet_planet_id_seq; Type: SEQUENCE OWNED BY; Schema: public; Owner: freecodecamp
--

ALTER SEQUENCE public.planet_planet_id_seq OWNED BY public.planet.planet_id;


--
-- Name: star; Type: TABLE; Schema: public; Owner: freecodecamp
--

CREATE TABLE public.star (
    star_id integer NOT NULL,
    name character varying(100) NOT NULL,
    type character varying(50) NOT NULL,
    galaxy_id integer,
    brightness numeric,
    has_planets boolean
);


ALTER TABLE public.star OWNER TO freecodecamp;

--
-- Name: star_star_id_seq; Type: SEQUENCE; Schema: public; Owner: freecodecamp
--

CREATE SEQUENCE public.star_star_id_seq
    AS integer
    START WITH 1
    INCREMENT BY 1
    NO MINVALUE
    NO MAXVALUE
    CACHE 1;


ALTER TABLE public.star_star_id_seq OWNER TO freecodecamp;

--
-- Name: star_star_id_seq; Type: SEQUENCE OWNED BY; Schema: public; Owner: freecodecamp
--

ALTER SEQUENCE public.star_star_id_seq OWNED BY public.star.star_id;


--
-- Name: asteroid asteroid_id; Type: DEFAULT; Schema: public; Owner: freecodecamp
--

ALTER TABLE ONLY public.asteroid ALTER COLUMN asteroid_id SET DEFAULT nextval('public.asteroid_asteroid_id_seq'::regclass);


--
-- Name: galaxy galaxy_id; Type: DEFAULT; Schema: public; Owner: freecodecamp
--

ALTER TABLE ONLY public.galaxy ALTER COLUMN galaxy_id SET DEFAULT nextval('public.galaxy_galaxy_id_seq'::regclass);


--
-- Name: moon moon_id; Type: DEFAULT; Schema: public; Owner: freecodecamp
--

ALTER TABLE ONLY public.moon ALTER COLUMN moon_id SET DEFAULT nextval('public.moon_moon_id_seq'::regclass);


--
-- Name: planet planet_id; Type: DEFAULT; Schema: public; Owner: freecodecamp
--

ALTER TABLE ONLY public.planet ALTER COLUMN planet_id SET DEFAULT nextval('public.planet_planet_id_seq'::regclass);


--
-- Name: star star_id; Type: DEFAULT; Schema: public; Owner: freecodecamp
--

ALTER TABLE ONLY public.star ALTER COLUMN star_id SET DEFAULT nextval('public.star_star_id_seq'::regclass);


--
-- Data for Name: asteroid; Type: TABLE DATA; Schema: public; Owner: freecodecamp
--

INSERT INTO public.asteroid VALUES (1, 'Ceres', 'Rock/Ice', 943000000000000000000, 'Giuseppe Piazzi');
INSERT INTO public.asteroid VALUES (2, 'Pallas', 'Rock', 214000000000000000000, 'Heinrich Olbers');
INSERT INTO public.asteroid VALUES (3, 'Vesta', 'Rock', 259000000000000000000, 'Heinrich Olbers');


--
-- Data for Name: galaxy; Type: TABLE DATA; Schema: public; Owner: freecodecamp
--

INSERT INTO public.galaxy VALUES (1, 'Milky Way', 'Spiral', 0, 1000000000, true);
INSERT INTO public.galaxy VALUES (2, 'Andromeda', 'Spiral', 2537000, 1000000000, false);
INSERT INTO public.galaxy VALUES (3, 'Triangulum', 'Spiral', 3000000, 40000000, false);
INSERT INTO public.galaxy VALUES (4, 'Whirlpool', 'Spiral', 23100000, 100000000, false);
INSERT INTO public.galaxy VALUES (5, 'Pinwheel', 'Spiral', 21200000, 1000000000, false);
INSERT INTO public.galaxy VALUES (6, 'Sombrero', 'Elliptical', 29000000, 800000000, false);


--
-- Data for Name: moon; Type: TABLE DATA; Schema: public; Owner: freecodecamp
--

INSERT INTO public.moon VALUES (1, 'Moon', 3, 3474, false);
INSERT INTO public.moon VALUES (2, 'Phobos', 4, 22, false);
INSERT INTO public.moon VALUES (3, 'Deimos', 4, 12, false);
INSERT INTO public.moon VALUES (4, 'Io', 5, 3643, true);
INSERT INTO public.moon VALUES (5, 'Europa', 5, 3121, true);
INSERT INTO public.moon VALUES (6, 'Ganymede', 5, 5268, true);
INSERT INTO public.moon VALUES (7, 'Callisto', 5, 4821, true);
INSERT INTO public.moon VALUES (8, 'Titan', 6, 5150, true);
INSERT INTO public.moon VALUES (9, 'Rhea', 6, 1528, false);
INSERT INTO public.moon VALUES (10, 'Iapetus', 6, 1469, false);
INSERT INTO public.moon VALUES (11, 'Oberon', 7, 1523, false);
INSERT INTO public.moon VALUES (12, 'Titania', 7, 1578, false);
INSERT INTO public.moon VALUES (13, 'Ariel', 7, 1158, false);
INSERT INTO public.moon VALUES (14, 'Umbriel', 7, 1169, false);
INSERT INTO public.moon VALUES (15, 'Triton', 8, 2706, true);
INSERT INTO public.moon VALUES (16, 'Nereid', 8, 340, false);
INSERT INTO public.moon VALUES (17, 'Proxima b Moon 1', 9, 100, false);
INSERT INTO public.moon VALUES (18, 'Betelgeuse b Moon 1', 11, 200, false);
INSERT INTO public.moon VALUES (19, 'Rigel b Moon 1', 12, 300, false);
INSERT INTO public.moon VALUES (20, 'Rigel b Moon 2', 12, 250, false);


--
-- Data for Name: planet; Type: TABLE DATA; Schema: public; Owner: freecodecamp
--

INSERT INTO public.planet VALUES (1, 'Mercury', 'Terrestrial', 1, 0.39, false);
INSERT INTO public.planet VALUES (2, 'Venus', 'Terrestrial', 1, 0.72, false);
INSERT INTO public.planet VALUES (3, 'Earth', 'Terrestrial', 1, 1.0, true);
INSERT INTO public.planet VALUES (4, 'Mars', 'Terrestrial', 1, 1.52, true);
INSERT INTO public.planet VALUES (5, 'Jupiter', 'Gas Giant', 1, 5.2, true);
INSERT INTO public.planet VALUES (6, 'Saturn', 'Gas Giant', 1, 9.58, true);
INSERT INTO public.planet VALUES (7, 'Uranus', 'Ice Giant', 1, 19.22, true);
INSERT INTO public.planet VALUES (8, 'Neptune', 'Ice Giant', 1, 30.05, true);
INSERT INTO public.planet VALUES (9, 'Proxima b', 'Terrestrial', 2, 0.0485, false);
INSERT INTO public.planet VALUES (10, 'Sirius b', 'White Dwarf', 3, 20.1, false);
INSERT INTO public.planet VALUES (11, 'Betelgeuse b', 'Gas Giant', 4, 50, true);
INSERT INTO public.planet VALUES (12, 'Rigel b', 'Gas Giant', 5, 70, true);


--
-- Data for Name: star; Type: TABLE DATA; Schema: public; Owner: freecodecamp
--

INSERT INTO public.star VALUES (1, 'Sun', 'G-Type', 1, 1.0, true);
INSERT INTO public.star VALUES (2, 'Proxima Centauri', 'M-Type', 2, 0.0017, true);
INSERT INTO public.star VALUES (3, 'Sirius', 'A-Type', 3, 25.4, true);
INSERT INTO public.star VALUES (4, 'Betelgeuse', 'M-Type', 4, 126000, true);
INSERT INTO public.star VALUES (5, 'Rigel', 'B-Type', 5, 120000, true);
INSERT INTO public.star VALUES (6, 'Vega', 'A-Type', 6, 40, true);


--
-- Name: asteroid_asteroid_id_seq; Type: SEQUENCE SET; Schema: public; Owner: freecodecamp
--

SELECT pg_catalog.setval('public.asteroid_asteroid_id_seq', 3, true);


--
-- Name: galaxy_galaxy_id_seq; Type: SEQUENCE SET; Schema: public; Owner: freecodecamp
--

SELECT pg_catalog.setval('public.galaxy_galaxy_id_seq', 6, true);


--
-- Name: moon_moon_id_seq; Type: SEQUENCE SET; Schema: public; Owner: freecodecamp
--

SELECT pg_catalog.setval('public.moon_moon_id_seq', 20, true);


--
-- Name: planet_planet_id_seq; Type: SEQUENCE SET; Schema: public; Owner: freecodecamp
--

SELECT pg_catalog.setval('public.planet_planet_id_seq', 12, true);


--
-- Name: star_star_id_seq; Type: SEQUENCE SET; Schema: public; Owner: freecodecamp
--

SELECT pg_catalog.setval('public.star_star_id_seq', 6, true);


--
-- Name: asteroid asteroid_name_key; Type: CONSTRAINT; Schema: public; Owner: freecodecamp
--

ALTER TABLE ONLY public.asteroid
    ADD CONSTRAINT asteroid_name_key UNIQUE (name);


--
-- Name: asteroid asteroid_pkey; Type: CONSTRAINT; Schema: public; Owner: freecodecamp
--

ALTER TABLE ONLY public.asteroid
    ADD CONSTRAINT asteroid_pkey PRIMARY KEY (asteroid_id);


--
-- Name: galaxy galaxy_name_key; Type: CONSTRAINT; Schema: public; Owner: freecodecamp
--

ALTER TABLE ONLY public.galaxy
    ADD CONSTRAINT galaxy_name_key UNIQUE (name);


--
-- Name: galaxy galaxy_pkey; Type: CONSTRAINT; Schema: public; Owner: freecodecamp
--

ALTER TABLE ONLY public.galaxy
    ADD CONSTRAINT galaxy_pkey PRIMARY KEY (galaxy_id);


--
-- Name: moon moon_name_key; Type: CONSTRAINT; Schema: public; Owner: freecodecamp
--

ALTER TABLE ONLY public.moon
    ADD CONSTRAINT moon_name_key UNIQUE (name);


--
-- Name: moon moon_pkey; Type: CONSTRAINT; Schema: public; Owner: freecodecamp
--

ALTER TABLE ONLY public.moon
    ADD CONSTRAINT moon_pkey PRIMARY KEY (moon_id);


--
-- Name: planet planet_name_key; Type: CONSTRAINT; Schema: public; Owner: freecodecamp
--

ALTER TABLE ONLY public.planet
    ADD CONSTRAINT planet_name_key UNIQUE (name);


--
-- Name: planet planet_pkey; Type: CONSTRAINT; Schema: public; Owner: freecodecamp
--

ALTER TABLE ONLY public.planet
    ADD CONSTRAINT planet_pkey PRIMARY KEY (planet_id);


--
-- Name: star star_name_key; Type: CONSTRAINT; Schema: public; Owner: freecodecamp
--

ALTER TABLE ONLY public.star
    ADD CONSTRAINT star_name_key UNIQUE (name);


--
-- Name: star star_pkey; Type: CONSTRAINT; Schema: public; Owner: freecodecamp
--

ALTER TABLE ONLY public.star
    ADD CONSTRAINT star_pkey PRIMARY KEY (star_id);


--
-- Name: moon moon_planet_id_fkey; Type: FK CONSTRAINT; Schema: public; Owner: freecodecamp
--

ALTER TABLE ONLY public.moon
    ADD CONSTRAINT moon_planet_id_fkey FOREIGN KEY (planet_id) REFERENCES public.planet(planet_id);


--
-- Name: planet planet_star_id_fkey; Type: FK CONSTRAINT; Schema: public; Owner: freecodecamp
--

ALTER TABLE ONLY public.planet
    ADD CONSTRAINT planet_star_id_fkey FOREIGN KEY (star_id) REFERENCES public.star(star_id);


--
-- Name: star star_galaxy_id_fkey; Type: FK CONSTRAINT; Schema: public; Owner: freecodecamp
--

ALTER TABLE ONLY public.star
    ADD CONSTRAINT star_galaxy_id_fkey FOREIGN KEY (galaxy_id) REFERENCES public.galaxy(galaxy_id);


--
-- PostgreSQL database dump complete
--

